{"_runtime":51.555939891,"_step":256,"batch_size":0,"_wandb":{"runtime":51},"throughput":0.02602771297097206,"_timestamp":1.741713985378818e+09,"total_train_time":48.188798666000366}