{"_wandb":{"runtime":52},"batch_size":0,"throughput":0.012703716848045587,"_timestamp":1.74171406983473e+09,"total_train_time":48.99387550354004,"_runtime":52.587326646,"_step":512}