{"batch_size":64,"throughput":0.3420407295227051,"total_train_time":127.18118071556091,"_wandb":{"runtime":131},"_timestamp":1.7417151256660645e+09,"_runtime":131.460010711,"_step":64}