{"train_loss":1.6168864533538e-05,"val_loss":111.60321374511719,"val_acc":17.99,"epoch":49,"_wandb":{"runtime":442},"train_acc":100,"_runtime":439.206306099,"_timestamp":1.7418319705298615e+09,"_step":49}