{"val_acc":10,"train_acc":9.98,"_step":49,"_timestamp":1.7416777185028737e+09,"epoch":49,"train_loss":2.3025923820495606,"_wandb":{"runtime":419},"val_loss":2.3025863384246827,"_runtime":417.848307352}