{"throughput":0.00380431916564703,"total_train_time":57.23127198219299,"_timestamp":1.7417152871522253e+09,"_wandb":{"runtime":61},"_runtime":61.559161671,"_step":2048,"batch_size":2048}