{"_runtime":2180.437394589,"_step":2,"batch_size":2,"_wandb":{"runtime":2180},"throughput":208.13165509700775,"total_train_time":2164.4475536346436,"_timestamp":1.7417166993534913e+09}