{"throughput":0.006756078312173485,"total_train_time":50.88617181777954,"_timestamp":1.7417151458001204e+09,"_runtime":54.289865534,"_step":1024,"batch_size":1024,"_wandb":{"runtime":54}}