{"val_loss":1.1052308678627014,"val_acc":60.279998779296875,"_wandb":{"runtime":687},"train_loss":1.106974220275879,"_runtime":683.917793287,"_timestamp":1.7416789412173834e+09,"_step":49,"epoch":49,"train_acc":60.20599899291992}