{"_wandb":{"runtime":591},"_step":8,"batch_size":8,"throughput":13.80207650065422,"total_train_time":586.1767401695251,"_timestamp":1.741715162178919e+09,"_runtime":591.497449996}