{"val_loss":1.9660773277282715,"_wandb":{"runtime":754},"_step":49,"train_loss":0.00384010208313819,"val_acc":76.78,"_runtime":752.524885741,"epoch":49,"train_acc":99.9,"_timestamp":1.7416786471968124e+09}