{"_wandb":{"runtime":3904},"_timestamp":1.7417183718493655e+09,"_runtime":3904.816496654,"_step":1,"batch_size":1,"throughput":743.9324204921722,"total_train_time":3873.3189845085144}