{"_step":4096,"batch_size":4096,"_wandb":{"runtime":89},"throughput":0.00299022103426978,"total_train_time":84.83748316764832,"_timestamp":1.7417153481469705e+09,"_runtime":89.309016168}