{"_wandb":{"runtime":165},"val_acc":38.57,"_runtime":165.535673857,"train_loss":1.7227244137191773,"_step":49,"epoch":0,"train_acc":37.186,"val_loss":1.6969013698577882,"_timestamp":1.7416760372832546e+09}