{"throughput":0.027877191081643105,"_timestamp":1.7417135968287506e+09,"total_train_time":49.44689631462097,"_runtime":51.591564111,"_step":256,"_wandb":{"runtime":51}}