{"val_acc":22.76,"train_acc":100,"_wandb":{"runtime":438},"_step":49,"val_loss":74.6903794555664,"epoch":49,"train_loss":1.5726369028998306e-05,"_timestamp":1.741831980172292e+09,"_runtime":436.373230339}