{"val_acc":76.78,"val_loss":1.8282015647888183,"_step":49,"train_loss":0.005008976660799235,"train_acc":99.862,"_timestamp":1.741831052000349e+09,"epoch":49,"_runtime":897.629890781,"_wandb":{"runtime":900}}