{"train_acc":85.1020000415039,"_timestamp":1.7416786268587253e+09,"_runtime":687.534134346,"train_loss":0.44126989676475525,"val_acc":72.49999926757812,"val_loss":0.8687744424819946,"_step":49,"_wandb":{"runtime":690},"epoch":49}