{"throughput":0.023998737335205078,"_wandb":{"runtime":54},"_timestamp":1.7417127867084777e+09,"_runtime":54.125819568,"_step":256,"batch_size":256}