{"epoch":49,"val_loss":1.0713477903366089,"_runtime":405.353626366,"_timestamp":1.7416778774778173e+09,"_step":49,"_wandb":{"runtime":407},"train_loss":1.0745526890945434,"val_acc":62.05,"train_acc":61.688}