{"val_loss":2.3025906131744387,"epoch":49,"train_loss":2.3025925077819824,"_timestamp":1.7416796123451684e+09,"_wandb":{"runtime":452},"_runtime":450.456789253,"train_acc":9.868,"_step":49,"val_acc":10}