{"_timestamp":1.7418310246478553e+09,"_wandb":{"runtime":899},"val_acc":77.42,"epoch":49,"train_acc":99.87,"train_loss":0.0048704831432551145,"_runtime":896.869295924,"val_loss":1.8289221521377563,"_step":49}