{"batch_size":128,"throughput":0.10950407795608044,"total_train_time":84.94973921775818,"_timestamp":1.7417151592831035e+09,"_runtime":88.404379389,"_step":128,"_wandb":{"runtime":88}}