{"total_train_time":148.01755094528198,"_timestamp":1.7417157359012837e+09,"_runtime":156.648200209,"_step":16384,"_wandb":{"runtime":156},"batch_size":16384,"throughput":0.0013062716549029573}