{"total_train_time":232.46307468414307,"_timestamp":1.7417148721169012e+09,"_runtime":235.906545305,"_step":32,"_wandb":{"runtime":235},"batch_size":32,"throughput":1.3289463251829148}