{"_runtime":497.588143096,"_step":8,"_wandb":{"runtime":497},"batch_size":8,"throughput":11.578150498867036,"total_train_time":491.30916833877563,"_timestamp":1.7417150504146934e+09}