{"train_acc":100,"val_acc":73.6,"train_loss":2.1018621776020154e-05,"epoch":49,"val_loss":2.755267165184021,"_wandb":{"runtime":604},"_timestamp":1.741832851026622e+09,"_runtime":602.032337932,"_step":49}