{"val_acc":77.26,"_runtime":414.584169129,"_wandb":{"runtime":416},"val_loss":1.7977891960144043,"_step":49,"_timestamp":1.7416767090586386e+09,"train_acc":99.89,"epoch":49,"train_loss":0.004380557752884925}