{"epoch":49,"_wandb":{"runtime":160},"_step":49,"_runtime":159.332069913,"val_acc":38.57,"val_loss":1.6969013507843018,"_timestamp":1.7416762532777357e+09,"train_acc":37.186,"train_loss":1.7227244076156616}