{"loss":0.16388918506919828,"_timestamp":1.7416746184200008e+09,"_runtime":0.486837441,"_step":7,"accuracy":0.9058732608483131,"_wandb":{"runtime":0}}