{"_wandb":{"runtime":123},"total_train_time":116.46064066886902,"_timestamp":1.7417155254443138e+09,"_runtime":123.565938878,"_step":8192,"batch_size":8192,"throughput":0.0019461599353235216}