{"_runtime":1771.448483172,"train_acc":98.55600063995361,"_step":49,"_wandb":{"runtime":1774},"val_acc":76.33000145797729,"val_loss":2.006840848368406,"epoch":49,"_timestamp":1.7416798888960218e+09,"train_loss":0.045670864569188944}