{"_wandb":{"runtime":49},"_step":512,"batch_size":512,"throughput":0.012388196587562562,"total_tarin_time":47.22020483016968,"_timestamp":1.7417142186537986e+09,"_runtime":49.799073858}