{"throughput":0.02492951098829508,"_timestamp":1.7417138882683136e+09,"_wandb":{"runtime":47},"total_train_time":45.41184949874878,"_runtime":47.976119006,"_step":256,"batch_size":0}