{"_step":512,"batch_size":512,"throughput":0.011676974594593048,"total_train_time":43.734092712402344,"_timestamp":1.7417144409011624e+09,"_wandb":{"runtime":46},"_runtime":46.560723627}