{"batch_size":256,"throughput":0.0247278718277812,"total_train_time":45.221503496170044,"_wandb":{"runtime":47},"_timestamp":1.7417145235561113e+09,"_runtime":47.857199702,"_step":256}