{"total_train_time":433.855566740036,"_timestamp":1.7417150264035065e+09,"_runtime":438.652560452,"_step":16,"_wandb":{"runtime":438},"batch_size":16,"throughput":5.10325577557087}