{"val_acc":76.33,"_runtime":418.52266458,"_timestamp":1.7416771599455569e+09,"train_acc":99.676,"train_loss":0.012891321838647126,"_step":49,"epoch":49,"val_loss":1.4776805918693543,"_wandb":{"runtime":420}}