{"_step":256,"batch_size":256,"throughput":38.27762378758569,"_wandb":{"runtime":54},"total_train_time":51.67953538894653,"_timestamp":1.7418296710775936e+09,"_runtime":54.31522206}